index,true_id,true_name,pred_id,pred_name,confidence
1300,8,Bag,5,Sandal,0.9987558722496033
5806,6,Shirt,0,T-shirt/top,0.9982380270957947
979,3,Dress,0,T-shirt/top,0.9977030158042908
2856,6,Shirt,0,T-shirt/top,0.9972228407859802
3531,0,T-shirt/top,3,Dress,0.9967172741889954
3262,6,Shirt,4,Coat,0.9961669445037842
787,1,Trouser,3,Dress,0.9953954815864563
8154,4,Coat,2,Pullover,0.9938738346099854
5155,6,Shirt,2,Pullover,0.9937312602996826
2599,0,T-shirt/top,8,Bag,0.9936941862106323
