index,true_id,true_name,pred_id,pred_name,confidence
324,4,Coat,6,Shirt,0.9998784065246582
3370,2,Pullover,4,Coat,0.9998651146888733
5806,6,Shirt,0,T-shirt/top,0.9998067617416382
8373,6,Shirt,2,Pullover,0.9997424483299255
2856,6,Shirt,0,T-shirt/top,0.9996684789657593
4166,4,Coat,2,Pullover,0.9991758465766907
787,1,Trouser,3,Dress,0.9990125894546509
8714,7,Sneaker,5,Sandal,0.9988111257553101
2599,0,T-shirt/top,8,Bag,0.9987643957138062
9574,2,Pullover,6,Shirt,0.9984510540962219
